,INDEX,KEYWORD,LINKS,ERROR
0,1,hello,"https://www.himgs.com/imagenes/hello/social/hello-fb-logo.png
",0
1,2,hello,"https://upload.wikimedia.org/wikipedia/en/6/6b/Hello_Web_Series_%28Wordmark%29_Logo.png
",0
2,3,hello,"https://supersimple.com/wp-content/uploads/hello-2-1080-740.jpg
",0
3,4,hello,"http://www.hello.com/img_/hellowithwaves.png
",0
4,5,hello,"https://www.dafont.com/img/illustration/h/e/hello.png
",0
5,6,hello,"http://p7cdn4static.sharpschool.com/UserFiles/Servers/Server_499985/Image/hello_main.jpg
",0
